User,Team
Chris,Team Chris
Alex,Team Alex
Shane,Team Shane
Shaya,Team Shaya
Beier,Team Beier
Ian,Team Ian
Mingpi,Team Mingpi
Nate,Team Nate
Ryan,Team Ryan